{"train/loss": 0.14960515551670953, "train/accuracy": 0.9483214020729065, "group0/lr": 0.0010654217523177925, "_timestamp": 1672225185.09654, "_runtime": 102161.75109696388, "_step": 39, "val/bce": 2.5226310645526953, "_wandb": {"runtime": 102161}}